BILLING_ACCT_ID_NUM,STATE_DATE,AAA_SESSION_COMPLETED_FLAG,AVG_MTBE_M1,AVG_MTBE_M2,AVG_MTBE_M3,AVG_NUM_INTERRUPT_ALARMS_M1,AVG_NUM_INTERRUPT_ALARMS_M2,AVG_NUM_INTERRUPT_ALARMS_M3,BLACKLISTED_FLAG,BOLT_ON_FLAG,NON_BOLT_ON_FLAG,CORPORATE_CUSTOMER_FLAG,NON_RESIDENTIAL_FLAG,INSTALLATION_CHARGES_FLAG,TARGET_COMPLAINT_FLAG,DAYTME_OTG_DUR_M1,DAYTME_OTG_DUR_M2,DAYTME_OTG_DUR_M3,HIGH_LOW_MRC_M1,HIGH_LOW_MRC_M2,HIGH_LOW_MRC_M3,INTL_INC_DUR_M1,INTL_INC_DUR_M2,INTL_INC_DUR_M3,M1_FAILURE_REASON_CD,M1_FAILURE_REASON_DESC,MAPPED_PON_ID,MOB_INC_DUR_M1,MOB_INC_DUR_M2,MOB_INC_DUR_M3,NGHTTME_OTG_DUR_M1,NGHTTME_OTG_DUR_M2,NGHTTME_OTG_DUR_M3,OFFNET_INC_DUR_M1,OFFNET_INC_DUR_M2,OFFNET_INC_DUR_M3,ONNET_INC_DUR_M1,ONNET_INC_DUR_M2,ONNET_INC_DUR_M3,PAIRED_PON_PROTECTION_STATUS,PON_AVG_DOWNSTREAM_BANDWIDTH,PON_AVG_UPSTREAM_BANDWIDTH,PON_MAX_DOWNSTREAM_BANDWIDTH,PON_MAX_UPSTREAM_BANDWIDTH,PON_BW_MARGIN_FACTOR,PON_IS_IN_COMPLAINT_BASE,PON_PROTECTION_STATUS,POWERLEVEL_M1_CAT,POWERLEVEL_M2_CAT,POWERLEVEL_M3_CAT,SPEED_STEEPNESS_CAT,SPEED_TREND_SLOPE_MBPS,TOTAL_USAGE_M1_CAT,TOTAL_USAGE_M2_CAT,TOTAL_USAGE_M3_CAT,VAS_DESC,WKDAY_DUR_M1,WKDAY_DUR_M2,WKDAY_DUR_M3,WKND_DUR_M1,WKND_DUR_M2,WKND_DUR_M3
3089250953,2026-08-30,1,1309.04,14244.93,12508.87,3,9,19,1,0,1,1,0,0,0,59465.9,187255.7,113551.2,H,M,M,3655.7,3496.4,421.7,0,MODEM_RESET,PON-21781,52492.2,30344.3,84441.4,47469.0,77625.8,33753.5,50132.4,18041.9,23971.8,27071.3,19926.1,8720.3,PROTECTED,256.96,63.47,370.46,72.21,1.271,1,PROTECTED,MEDIUM,MEDIUM,LOW,GRADUAL,38.117,MEDIUM,MEDIUM,HIGH,SPEED_BOOST,174252.8,497798.8,120739.0,14722.4,95968.9,100750.1
3773956047,2026-08-30,1,47074.21,28734.88,44339.24,13,30,10,0,1,0,0,0,0,0,42038.5,181380.5,27511.3,L,H,L,3134.1,1783.5,326.4,5,TIMEOUT,PON-85800,85043.1,87634.5,80264.6,137419.8,102145.0,42078.6,5664.0,33735.1,14014.8,14706.0,26901.5,59821.6,PROTECTED,533.96,12.41,652.74,17.91,0.612,0,PROTECTED,MEDIUM,HIGH,HIGH,STEEP,-44.839,MEDIUM,VERY_HIGH,MEDIUM,NONE,291494.3,185468.0,361535.5,195308.6,114756.1,109067.3
3654571517,2026-08-30,0,5504.58,9247.58,4967.48,7,20,5,0,0,1,1,0,1,0,61849.9,114705.2,112814.4,L,L,L,2137.1,2246.8,374.6,18,CONGESTION,PON-61267,99612.7,16275.0,12624.1,51489.3,76156.3,66315.9,25363.3,44685.1,17560.3,57761.6,51759.8,1813.2,PROTECTED,197.34,202.99,255.63,272.09,1.519,0,PROTECTED,HIGH,HIGH,MEDIUM,STEEP,47.333,MEDIUM,HIGH,MEDIUM,CLOUD_STORAGE,232343.2,354614.5,286951.6,1100.2,167390.1,147089.1
3438878439,2026-08-30,1,6430.25,23509.76,32457.56,27,20,21,0,0,1,0,0,0,0,40629.9,115830.6,12319.0,L,H,L,2551.6,567.4,2949.5,2,NO_FAILURE,PON-97628,10721.1,36419.5,12444.9,35501.4,141091.6,40307.3,69824.4,9622.9,38220.2,54659.2,40090.0,35840.2,UNPROTECTED,265.5,345.78,313.34,500.63,1.575,0,UNPROTECTED,MEDIUM,MEDIUM,MEDIUM,STEEP,20.382,MEDIUM,LOW,LOW,PARENTAL_CONTROL,488556.0,203885.4,348435.0,143629.9,153806.8,129897.0
3433015235,2026-08-30,0,7412.69,32575.53,39163.62,16,5,30,0,1,0,0,1,0,0,63531.0,33458.2,86177.0,M,H,M,2546.5,2837.8,4047.9,8,PPP_FAIL,PON-64419,27138.8,84866.9,41673.2,136395.2,64204.2,103799.0,46573.4,65345.6,69960.4,24284.6,45744.1,39012.7,UNPROTECTED,689.74,133.77,789.32,144.2,1.285,0,UNPROTECTED,LOW,MEDIUM,MEDIUM,FLAT,-21.57,HIGH,MEDIUM,VERY_HIGH,SPEED_BOOST,258194.7,69754.6,321979.0,48676.9,135230.1,71679.3
3858597918,2026-08-30,0,49065.7,6496.29,30768.85,3,22,24,0,0,1,0,0,0,0,16587.2,194992.5,78051.7,L,H,M,101.8,927.6,2014.8,10,PPP_FAIL,PON-68805,35759.8,19064.3,87009.5,111891.7,2387.4,72136.2,32958.0,21974.8,40002.9,26923.9,35009.6,40907.4,PARTIAL,207.9,55.62,228.99,82.1,1.691,0,PROTECTED,LOW,MEDIUM,MEDIUM,GRADUAL,-29.553,HIGH,LOW,LOW,NONE,192586.0,168463.4,353374.3,193510.4,52697.9,1146.2
3085945638,2026-08-30,1,30921.25,46536.65,24827.19,21,17,30,0,0,1,0,1,0,0,31706.0,51003.5,85562.8,L,H,H,2515.2,3394.9,2224.2,1,AUTH_FAIL,PON-90910,47891.8,82137.4,88208.5,102270.0,35456.0,33131.8,37208.2,43941.6,4431.4,22506.8,59483.9,15337.7,PARTIAL,771.82,392.98,1123.72,513.38,0.95,0,UNPROTECTED,MEDIUM,CRITICAL,MEDIUM,GRADUAL,-20.391,MEDIUM,LOW,MEDIUM,NONE,197466.8,116685.8,452773.5,76308.3,95776.1,23097.2
3697368028,2026-08-30,1,30553.47,25335.66,30905.62,1,30,18,0,0,1,1,1,0,0,83410.6,144947.2,55965.2,L,H,M,4279.9,355.8,2946.4,3,LINK_DOWN,PON-69440,49391.0,7906.9,10736.6,7430.2,75091.0,75956.1,16662.4,43970.7,3190.8,2272.0,14484.6,43294.8,PROTECTED,251.95,272.31,352.66,363.27,0.803,0,PROTECTED,MEDIUM,MEDIUM,HIGH,GRADUAL,37.573,HIGH,MEDIUM,HIGH,NONE,273970.0,164039.1,281734.7,5456.7,67087.2,194612.1
3201469535,2026-08-30,0,49336.24,40994.45,7668.02,8,14,20,0,0,1,0,0,1,0,175893.4,159159.0,137166.1,H,L,L,3546.4,4879.5,2665.2,19,CONGESTION,PON-39665,85619.5,48922.9,57429.7,19680.7,81085.8,133318.2,64950.5,48211.3,18191.3,17570.8,15737.5,12984.0,PARTIAL,28.59,341.02,30.49,496.88,1.026,0,PROTECTED,HIGH,MEDIUM,MEDIUM,FLAT,-20.861,MEDIUM,MEDIUM,MEDIUM,SECURITY_SUITE,177456.0,107510.8,33924.4,5387.2,46985.6,184466.6
3094177347,2026-08-30,1,4513.09,32729.88,10856.98,22,21,4,0,0,1,1,0,1,0,11458.1,88243.1,168188.9,H,L,M,3978.5,3422.6,3440.3,12,AUTH_FAIL,PON-57517,77055.9,7533.1,15567.5,95751.0,82857.7,118859.3,73120.4,4438.9,67421.7,7360.4,5553.5,49742.3,PARTIAL,211.37,302.09,290.29,359.6,1.115,0,PROTECTED,HIGH,MEDIUM,MEDIUM,STEEP,-3.718,HIGH,HIGH,MEDIUM,STATIC_IP,361453.3,56172.6,135412.7,110674.7,2049.1,65018.6
3526478978,2026-08-30,0,48727.59,35529.05,13567.98,15,10,26,0,0,1,0,0,0,0,42534.9,42238.7,153703.4,H,H,M,1952.4,908.6,2358.9,4,POWER_CYCLE,PON-31204,1885.2,67790.4,68612.9,31414.9,107182.8,74824.3,72853.1,13489.5,49718.4,6142.2,33241.2,13147.0,UNPROTECTED,145.25,280.81,175.65,381.84,1.544,0,PROTECTED,HIGH,MEDIUM,MEDIUM,FLAT,20.574,MEDIUM,HIGH,HIGH,NONE,190331.5,108714.2,354109.5,197342.4,67892.4,51770.6
3975622350,2026-08-30,0,10280.26,35834.93,29929.19,23,1,23,0,0,1,1,0,1,0,181669.1,37792.1,125550.4,M,L,L,2644.9,70.5,3569.3,3,PPP_FAIL,PON-40084,45502.2,79060.1,91643.3,33845.7,41197.2,43273.9,17914.8,12895.4,45036.6,33651.7,36801.6,41802.4,UNPROTECTED,410.39,156.9,413.55,207.13,1.768,0,PROTECTED,MEDIUM,MEDIUM,MEDIUM,FLAT,37.199,HIGH,MEDIUM,MEDIUM,STATIC_IP,192072.2,452878.5,247037.3,195954.7,51223.3,87283.3
3735752369,2026-08-30,0,31191.27,43767.48,22150.86,17,3,7,0,0,1,1,0,1,0,178002.9,171299.2,107669.0,L,L,H,167.4,1672.3,4986.6,8,POWER_CYCLE,PON-71224,61807.4,84985.9,45476.9,116870.8,99735.6,26983.0,24859.2,24164.1,25517.6,5925.9,43557.7,47004.8,PROTECTED,99.05,133.11,125.22,185.54,1.581,0,UNPROTECTED,MEDIUM,LOW,MEDIUM,GRADUAL,15.857,HIGH,VERY_HIGH,LOW,VOIP,308486.6,42610.8,274276.0,67454.6,114380.5,137988.0
3717477276,2026-08-30,0,21062.17,30718.91,12299.34,26,26,10,0,1,0,0,0,0,0,135890.2,102151.3,6216.8,L,H,L,1915.0,764.1,1751.5,15,LINE_FAULT,PON-23407,46039.6,98126.2,8308.3,42888.7,105604.8,131757.4,12849.8,11593.1,74354.0,6175.9,20126.8,11336.7,PROTECTED,504.58,288.2,537.39,417.45,0.761,0,PROTECTED,MEDIUM,HIGH,MEDIUM,FLAT,25.311,MEDIUM,MEDIUM,MEDIUM,NONE,30423.4,162378.3,298290.2,96540.7,12460.4,71365.5
3786064304,2026-08-30,1,19259.2,13983.04,44152.19,17,22,18,0,1,0,0,0,1,1,48094.7,18027.4,144586.8,L,L,H,2372.1,1092.1,61.1,15,POWER_CYCLE,PON-70477,13064.5,67201.6,57925.4,10738.1,61692.1,106525.0,24576.1,73753.7,26494.3,28830.8,735.4,14279.2,PROTECTED,701.17,288.1,774.77,386.06,1.049,0,PROTECTED,MEDIUM,HIGH,MEDIUM,GRADUAL,-32.667,MEDIUM,MEDIUM,LOW,SPEED_BOOST,327677.5,264224.9,191314.6,20091.2,54103.9,13458.8
3513226572,2026-08-30,0,46569.04,5065.53,18758.7,1,11,0,0,1,0,0,0,1,0,83962.1,143403.9,108996.6,L,H,L,1276.0,4363.8,628.1,4,NO_FAILURE,PON-62565,39747.4,76906.2,40851.7,5464.8,60325.4,85824.5,26624.4,41036.4,66795.6,26536.9,37933.8,46746.2,UNPROTECTED,296.39,380.48,399.54,393.35,0.738,1,PROTECTED,HIGH,HIGH,MEDIUM,FLAT,37.741,HIGH,HIGH,VERY_HIGH,SPEED_BOOST,252486.1,177256.3,386947.8,104435.4,8953.9,80559.0
3128113632,2026-08-30,0,7546.46,30351.91,22356.98,2,21,25,0,1,0,0,0,1,0,42244.2,50034.2,54148.2,M,H,H,156.2,3016.0,2767.6,15,AUTH_FAIL,PON-37754,41165.6,50575.8,81089.9,66476.7,26838.7,131915.2,50648.5,49886.0,71672.3,8258.1,59921.7,5159.9,UNPROTECTED,143.11,229.62,161.51,250.65,1.53,0,PROTECTED,MEDIUM,HIGH,MEDIUM,GRADUAL,-22.428,MEDIUM,LOW,HIGH,NONE,226513.1,258803.5,361767.4,119940.3,128283.6,52117.8
3839748228,2026-08-30,1,1.8e+18,3411.0,20544.08,24,0,8,0,0,1,1,0,0,0,25717.7,175279.0,65568.4,M,L,L,3452.0,882.3,1721.3,18,NO_FAILURE,PON-14044,18771.6,91273.7,34034.4,92569.3,62098.1,18253.5,15171.7,28599.1,38666.8,266.9,17673.0,11445.7,PROTECTED,326.02,121.38,471.41,179.28,0.872,0,PROTECTED,MEDIUM,MEDIUM,MEDIUM,GRADUAL,-37.162,HIGH,MEDIUM,MEDIUM,SPEED_BOOST,359626.5,21710.0,357149.7,50212.3,113637.9,64986.0
3450385937,2026-08-30,1,19018.34,12140.54,9178.95,1,1,2,0,1,0,0,0,0,0,75999.7,61914.4,187121.4,L,M,M,2175.4,2783.3,4699.9,4,CONGESTION,PON-73415,75630.7,64375.8,87489.7,130332.8,118022.4,102373.4,73551.8,22099.7,71543.1,11578.5,11036.1,27331.9,PROTECTED,630.91,198.36,838.22,294.43,1.288,0,UNPROTECTED,MEDIUM,CRITICAL,MEDIUM,FLAT,47.624,VERY_HIGH,HIGH,MEDIUM,STATIC_IP,379127.9,324284.8,357655.1,122422.9,67496.0,32591.4
3500351914,2026-08-30,0,32473.87,3129.29,36608.19,11,15,10,0,1,0,0,1,0,0,115164.3,40054.2,124872.4,M,M,H,2078.4,1278.9,3137.2,0,LINE_FAULT,PON-84204,32140.1,88355.1,27370.0,16620.7,136346.0,32506.8,8248.0,40254.2,22144.3,14153.5,16906.0,55810.9,PROTECTED,477.28,247.42,675.9,367.1,1.688,0,PROTECTED,MEDIUM,HIGH,MEDIUM,GRADUAL,-29.836,HIGH,MEDIUM,HIGH,NONE,423130.4,281739.4,445179.0,179938.6,29466.9,131768.0
3370798023,2026-08-30,1,48398.55,27489.49,22478.07,0,19,25,0,0,1,0,0,0,0,71986.5,16971.7,95182.5,L,M,L,1249.9,4881.0,2601.8,20,AUTH_FAIL,PON-75705,58898.7,23545.2,15751.8,29500.9,89042.0,18086.6,550.2,23545.8,52674.7,48014.9,25524.9,33712.7,UNPROTECTED,89.9,173.56,117.55,176.75,1.506,1,PROTECTED,CRITICAL,HIGH,CRITICAL,FLAT,-36.335,MEDIUM,HIGH,HIGH,NONE,187401.6,340483.1,297696.4,191.1,191584.0,105326.2
3182549636,2026-08-30,0,2974.29,8100.87,911.23,9,29,8,0,0,1,0,0,1,0,122164.9,102306.2,124184.3,L,L,L,2689.2,163.8,3990.2,10,TIMEOUT,PON-47881,51573.0,49673.8,30648.0,79470.1,44905.6,69841.3,68395.6,27491.7,7037.1,54926.3,15054.8,23260.7,PARTIAL,434.38,317.5,623.09,378.21,0.948,0,PROTECTED,LOW,HIGH,MEDIUM,GRADUAL,12.602,HIGH,MEDIUM,LOW,CLOUD_STORAGE,163518.8,283628.9,483536.1,45786.8,116878.5,54172.6
3926764987,2026-08-30,1,46150.93,30559.33,48204.28,18,23,16,0,1,0,1,0,1,0,59250.9,90147.5,82748.5,M,H,L,2190.1,3661.6,1292.9,16,CONGESTION,PON-68817,87742.7,72981.9,3491.6,54616.3,102343.5,58108.9,56301.6,36220.1,37914.7,24356.7,20817.6,58702.2,UNPROTECTED,379.79,235.92,448.47,325.53,0.999,0,UNPROTECTED,LOW,MEDIUM,HIGH,STEEP,-18.114,VERY_HIGH,HIGH,HIGH,NONE,357171.1,218951.8,59596.3,41983.9,135822.7,110772.5
3781567454,2026-08-30,1,28433.79,39564.17,40806.6,5,7,25,0,1,0,0,0,1,0,69170.1,150262.4,94036.5,L,L,H,2369.9,3865.0,4098.7,6,LINK_DOWN,PON-47327,12201.5,20272.2,28124.6,72380.6,111021.9,141176.0,28428.8,40458.7,17386.5,24301.6,38292.4,27822.7,PROTECTED,268.42,8.73,342.12,12.02,1.48,0,UNPROTECTED,MEDIUM,MEDIUM,MEDIUM,FLAT,-36.665,MEDIUM,LOW,MEDIUM,STATIC_IP,290902.4,175070.8,315979.5,24777.2,106269.8,98541.6
3643865119,2026-08-30,0,35249.4,1.8e+18,36205.61,14,25,1,0,0,1,0,0,1,0,158134.7,92920.5,58061.9,L,H,H,2904.4,335.8,15.3,6,LINE_FAULT,PON-42243,11426.3,21134.0,66011.8,138618.7,49831.9,48596.9,47640.0,78745.1,5021.1,42748.9,20701.7,26024.1,PROTECTED,97.03,230.09,122.06,239.97,1.324,0,PROTECTED,HIGH,MEDIUM,MEDIUM,GRADUAL,10.112,LOW,LOW,HIGH,STATIC_IP,315900.8,113217.6,358463.3,33220.2,161306.6,159195.0
3402414363,2026-08-30,0,7544.29,15546.22,43467.68,30,15,23,0,0,1,1,0,1,1,175662.9,68763.2,87970.7,L,H,L,31.6,859.3,3098.4,4,CONGESTION,PON-39445,30032.0,97804.3,14228.3,81733.7,123982.2,122235.3,17883.5,17865.8,298.0,37615.3,23763.5,24698.7,PROTECTED,785.08,255.27,1139.85,333.06,0.645,0,PROTECTED,MEDIUM,LOW,LOW,GRADUAL,25.899,LOW,MEDIUM,MEDIUM,PARENTAL_CONTROL,277761.5,250033.9,238610.2,125182.5,179276.0,191196.9
3822761612,2026-08-30,1,26716.03,27492.83,45349.68,2,25,8,0,0,1,0,1,0,0,64406.8,52331.0,137118.4,L,H,L,4538.5,1921.5,4673.8,4,AUTH_FAIL,PON-28976,43121.5,43461.0,11136.5,62268.1,11054.4,112324.1,13471.2,39038.1,25980.2,11048.4,2401.9,18730.8,PARTIAL,149.07,366.53,161.36,392.71,1.811,0,PROTECTED,HIGH,MEDIUM,MEDIUM,GRADUAL,29.32,HIGH,HIGH,LOW,SECURITY_SUITE,386346.5,13026.2,144104.2,20538.9,76542.1,26134.1
3545429118,2026-08-30,0,1.8e+18,28194.24,16940.74,1,5,21,0,0,1,0,1,0,0,114303.2,55629.3,7988.4,L,L,L,355.4,4340.8,3939.3,9,AUTH_FAIL,PON-97240,29854.2,18181.5,13238.5,148416.0,1613.1,100188.6,37691.9,11960.9,47162.4,6461.3,55076.6,19541.7,PARTIAL,162.27,168.42,209.17,209.95,1.269,0,UNPROTECTED,MEDIUM,LOW,HIGH,GRADUAL,-34.449,MEDIUM,LOW,HIGH,PARENTAL_CONTROL,95020.4,164120.4,275018.7,147706.3,138005.1,176782.7
3443414198,2026-08-30,0,22866.74,23697.07,30586.84,8,0,5,0,1,0,0,1,0,1,55632.5,185569.6,159005.5,L,L,H,2254.6,2685.0,4268.2,2,TIMEOUT,PON-69958,76318.7,33146.4,7755.2,9782.4,18445.6,138060.1,28255.0,27999.9,36418.4,26256.7,24413.2,41270.2,PROTECTED,125.01,231.91,172.17,259.7,1.21,0,UNPROTECTED,LOW,LOW,HIGH,FLAT,5.687,MEDIUM,HIGH,HIGH,STATIC_IP,277856.1,338936.1,182373.8,177404.5,45977.5,140959.4
3450459552,2026-08-30,1,7833.76,32790.18,30479.51,25,1,4,0,1,0,0,0,0,0,10666.9,33015.7,56595.9,L,H,L,1036.9,3276.5,1984.8,17,LINE_FAULT,PON-25742,24526.6,39737.6,87463.5,139817.0,23401.3,61188.7,49218.4,57384.9,24141.5,33889.7,19688.6,2450.1,PROTECTED,460.45,192.62,545.64,197.74,0.798,0,UNPROTECTED,HIGH,CRITICAL,MEDIUM,GRADUAL,31.368,MEDIUM,MEDIUM,MEDIUM,SPEED_BOOST,79050.9,54358.5,454562.0,185317.5,130371.0,138510.7
3227238721,2026-08-30,0,12281.54,10583.35,13438.25,12,30,24,0,0,1,0,0,1,0,147571.4,197635.3,136512.0,H,L,L,2618.9,3915.1,4121.2,10,AUTH_FAIL,PON-87852,8477.5,62308.5,94411.5,75249.3,131839.4,58450.7,17451.9,13957.0,79296.0,8322.5,5189.1,40909.0,PROTECTED,360.5,215.0,516.88,223.6,1.065,0,PROTECTED,MEDIUM,HIGH,HIGH,FLAT,-33.891,HIGH,MEDIUM,LOW,NONE,203626.0,31445.6,178396.2,132035.2,79831.1,74860.2
3554584786,2026-08-30,1,42734.2,48964.24,11175.42,19,2,25,0,1,0,0,0,0,0,34200.7,65383.9,128545.1,M,L,H,1401.2,4140.6,2754.2,19,TIMEOUT,PON-23617,41380.0,92301.5,4656.1,75563.5,63747.3,24142.1,53034.2,46508.1,75162.0,17596.4,38051.0,12072.3,PARTIAL,207.15,31.59,245.79,45.98,0.999,0,PROTECTED,LOW,MEDIUM,MEDIUM,FLAT,-29.232,MEDIUM,MEDIUM,HIGH,NONE,331996.9,326089.3,87853.5,39479.3,1356.3,68781.6
3887889842,2026-08-30,1,1820.1,4994.18,5783.97,1,29,30,0,1,0,0,1,0,0,85142.5,17678.0,130525.6,L,M,L,4300.0,2381.4,3092.7,10,LINE_FAULT,PON-63430,77337.9,98659.0,76007.2,138294.7,41239.8,41364.3,61348.9,33336.1,10052.3,18356.6,51829.5,23052.5,PROTECTED,349.24,359.43,379.5,493.25,0.906,0,PROTECTED,MEDIUM,MEDIUM,LOW,STEEP,-49.759,HIGH,LOW,MEDIUM,SPEED_BOOST,246535.8,198887.4,288194.6,17059.3,191105.6,1127.9
3063817255,2026-08-30,0,35472.22,41478.13,32999.78,22,22,20,0,1,0,1,0,0,0,97409.1,49738.1,121625.8,M,H,L,1981.8,2544.0,294.6,6,LINK_DOWN,PON-24897,85056.2,65169.9,73715.2,76098.6,64361.3,131966.5,13330.9,4126.4,33208.6,15677.9,2469.2,8792.3,PARTIAL,542.08,364.61,700.38,534.49,1.351,0,PROTECTED,LOW,MEDIUM,HIGH,FLAT,2.463,HIGH,VERY_HIGH,MEDIUM,NONE,189795.8,400912.5,197996.3,46405.0,173688.3,196441.0
3858291293,2026-08-30,0,49969.56,29745.39,39067.86,2,4,14,0,0,1,1,0,1,1,36894.3,11682.9,191820.4,H,L,L,3193.8,3590.0,1007.8,10,LINE_FAULT,PON-42510,73334.5,69992.2,99690.9,65761.1,59226.1,71157.3,3508.7,74646.0,51907.8,27645.7,8716.3,33165.1,UNPROTECTED,232.54,221.48,281.44,273.53,1.193,0,PROTECTED,LOW,HIGH,MEDIUM,GRADUAL,-30.532,VERY_HIGH,MEDIUM,HIGH,SPEED_BOOST,442485.0,468655.7,47949.1,192391.4,58167.3,121301.2
3827631170,2026-08-30,1,473.4,12318.25,38071.55,22,26,6,0,1,0,0,0,1,0,18911.1,158006.0,101668.8,L,H,M,1244.4,1316.7,2754.8,3,LINK_DOWN,PON-69266,55788.7,32182.9,34787.1,40873.3,45219.3,51203.0,35167.0,33088.3,58679.3,39183.8,8783.4,43761.0,PROTECTED,733.04,224.84,738.61,271.3,1.834,0,PROTECTED,HIGH,HIGH,LOW,FLAT,22.424,HIGH,HIGH,LOW,NONE,386412.9,478520.2,282421.2,192469.0,199551.5,80465.7
3631664398,2026-08-30,0,8136.18,37309.18,15882.14,4,4,9,0,1,0,0,0,0,0,69602.6,102510.6,146463.8,L,L,L,97.0,4272.4,294.0,17,LINK_DOWN,PON-99919,72419.2,85715.9,28550.9,98822.5,20684.9,32416.8,61921.9,62714.1,29309.8,30563.4,36136.5,21279.3,PARTIAL,252.01,27.73,260.81,32.7,1.912,0,PROTECTED,MEDIUM,HIGH,CRITICAL,GRADUAL,46.221,MEDIUM,MEDIUM,LOW,NONE,263145.4,212796.4,268923.2,76383.8,63425.5,108753.8
3165229079,2026-08-30,0,33739.8,4315.6,10342.47,26,4,20,0,1,0,0,0,0,0,190457.2,67397.3,141089.9,M,H,L,2020.8,103.9,3707.2,15,AUTH_FAIL,PON-99269,68139.0,21779.8,45308.2,85446.8,98387.3,72744.0,52062.4,33305.1,59702.5,12087.4,55273.8,9805.0,UNPROTECTED,166.56,241.19,182.82,315.51,0.829,0,UNPROTECTED,MEDIUM,MEDIUM,CRITICAL,GRADUAL,-29.124,HIGH,MEDIUM,LOW,NONE,475026.6,132163.6,86598.5,65158.3,91768.8,8105.4
3758087739,2026-08-30,0,3093.54,38743.45,22735.35,9,17,10,0,0,1,0,0,0,0,123027.1,132409.9,47253.5,H,H,H,2682.4,978.9,4200.3,3,AUTH_FAIL,PON-90599,23436.7,10638.1,85657.5,32151.8,20490.7,107499.8,56150.5,74988.8,9932.0,6176.3,26266.1,13590.3,PARTIAL,764.11,174.51,1058.04,205.19,0.65,0,UNPROTECTED,MEDIUM,MEDIUM,HIGH,FLAT,14.91,LOW,HIGH,VERY_HIGH,PARENTAL_CONTROL,212182.6,304306.9,298819.1,102002.1,170251.8,34730.2
3700522965,2026-08-30,1,29530.52,29540.26,27385.99,5,8,14,0,0,1,0,0,1,0,76282.0,126129.3,56661.2,M,L,H,2297.7,4001.0,4601.8,12,NO_FAILURE,PON-31192,55075.9,97325.6,72859.4,106411.9,116313.7,43003.8,32227.1,23237.6,26545.0,49312.2,20628.4,49086.8,PROTECTED,650.34,285.07,940.4,391.44,1.678,0,UNPROTECTED,HIGH,HIGH,MEDIUM,FLAT,-28.817,VERY_HIGH,HIGH,MEDIUM,STATIC_IP,394036.5,314096.5,283679.5,58337.6,60919.3,124672.0
3354525967,2026-08-30,0,34231.61,5626.44,45962.45,10,9,5,0,1,0,0,0,0,0,7782.2,187974.4,84803.4,L,H,H,4810.1,1701.3,508.8,11,POWER_CYCLE,PON-18415,77060.9,86413.9,47162.4,96613.0,30253.2,113657.5,18795.6,32978.5,57314.7,28758.3,45950.4,16058.9,UNPROTECTED,281.08,23.61,357.76,33.07,1.992,1,UNPROTECTED,LOW,CRITICAL,HIGH,FLAT,-48.199,MEDIUM,HIGH,HIGH,PARENTAL_CONTROL,83968.1,311172.5,386806.3,195932.5,90108.1,102852.3
3067920001,2026-08-30,1,29448.5,4067.33,43753.68,0,6,13,0,0,1,0,0,1,0,120054.7,192252.1,55539.6,L,H,L,3534.2,749.2,4698.6,4,TIMEOUT,PON-91504,31712.1,30364.5,24456.3,59600.1,109705.7,94468.2,42542.3,60709.1,50054.6,3728.4,44554.1,46482.2,UNPROTECTED,674.73,285.8,710.34,410.96,1.795,0,UNPROTECTED,MEDIUM,MEDIUM,MEDIUM,STEEP,25.855,HIGH,MEDIUM,VERY_HIGH,SPEED_BOOST,142896.2,160889.3,180785.0,44244.3,133117.4,157415.0
3970698023,2026-08-30,0,18322.72,37566.73,45811.31,5,18,7,0,1,0,0,1,1,0,18451.5,136136.8,73348.6,L,M,M,4978.3,933.8,338.1,2,DHCP_FAIL,PON-93082,65397.3,67517.1,72701.6,660.1,120837.9,118134.4,16349.3,27493.4,66976.8,15487.3,14805.4,19872.0,UNPROTECTED,419.86,118.32,532.05,132.68,0.536,0,PROTECTED,HIGH,MEDIUM,MEDIUM,GRADUAL,-6.6,HIGH,HIGH,HIGH,CLOUD_STORAGE,169042.8,31875.9,124379.8,73828.5,26093.5,131748.5
3445687486,2026-08-30,1,34894.39,14717.5,42528.09,18,0,3,0,0,1,0,0,1,0,108508.8,163563.2,78192.1,H,H,H,1475.3,2653.8,2370.3,15,POWER_CYCLE,PON-35075,48148.0,46701.8,85452.7,66987.2,18798.9,37636.4,58098.3,29148.6,3748.6,48242.0,9649.6,11324.0,PROTECTED,283.93,262.42,405.4,331.57,0.877,0,PROTECTED,HIGH,MEDIUM,MEDIUM,FLAT,44.679,LOW,HIGH,MEDIUM,PARENTAL_CONTROL,52910.4,105002.4,475609.9,85874.2,84470.1,120287.1
3893121120,2026-08-30,1,29755.29,44476.16,48232.6,9,7,4,0,1,0,0,0,0,0,150390.1,158485.0,120772.9,L,L,H,3945.3,4230.9,4201.3,5,DHCP_FAIL,PON-11725,50315.9,32312.8,39995.1,908.7,13011.9,94654.2,15757.3,79585.9,13951.3,45103.6,21468.6,43638.5,UNPROTECTED,673.29,252.71,925.6,280.94,0.565,0,PROTECTED,CRITICAL,MEDIUM,CRITICAL,GRADUAL,3.429,HIGH,MEDIUM,MEDIUM,NONE,250902.4,77209.7,280608.8,25012.8,61882.0,163053.1
3677919010,2026-08-30,0,10461.09,38127.44,23328.45,10,17,16,0,0,1,0,1,0,0,84717.1,98260.7,43978.0,H,L,L,2777.8,353.3,351.6,10,DHCP_FAIL,PON-68310,9005.5,28677.4,66858.5,11249.8,142435.9,23060.3,23301.1,44449.2,3879.6,52549.0,46536.2,28112.7,PARTIAL,604.21,94.6,692.15,96.38,1.731,0,PROTECTED,MEDIUM,CRITICAL,CRITICAL,FLAT,-34.252,LOW,HIGH,MEDIUM,VOIP,96130.1,61950.2,13570.0,76565.0,135354.9,13652.6
3778383496,2026-08-30,1,28200.46,34939.69,2468.93,25,15,11,0,0,1,0,0,0,0,59882.3,140891.7,160858.4,L,H,L,3058.8,152.4,91.2,5,LINK_DOWN,PON-16848,66621.7,13602.7,40021.2,64591.5,69457.0,54569.5,40523.6,55150.4,15369.1,36125.3,41703.8,1876.6,PARTIAL,245.32,178.98,260.52,242.32,1.372,0,PROTECTED,LOW,HIGH,HIGH,FLAT,-5.023,MEDIUM,MEDIUM,MEDIUM,NONE,317092.9,463141.7,410355.8,171346.1,27193.9,138177.4
3759899440,2026-08-30,0,44107.17,14002.44,4269.75,3,21,3,0,0,1,0,0,1,0,9476.8,15651.8,87507.3,L,L,L,4929.3,2325.8,124.7,13,TIMEOUT,PON-13644,86568.7,54931.8,47849.3,12288.0,94535.3,108654.0,38936.8,51477.0,342.6,25374.4,39951.2,57596.5,PROTECTED,489.28,335.08,709.62,427.06,1.271,0,UNPROTECTED,MEDIUM,MEDIUM,MEDIUM,FLAT,-29.711,MEDIUM,HIGH,VERY_HIGH,STATIC_IP,95046.2,6923.8,98379.0,28072.2,46546.3,143118.1
3194638707,2026-08-30,0,33374.98,35476.33,19574.78,12,6,15,0,0,1,0,0,0,0,4955.6,151604.2,141248.8,L,H,L,3269.9,4780.9,2556.4,1,PPP_FAIL,PON-94342,14143.1,44659.7,52491.0,41349.8,3489.1,94750.3,48068.0,66233.9,40336.8,25598.1,49765.7,8865.2,PARTIAL,301.82,244.21,430.71,332.61,1.332,0,UNPROTECTED,HIGH,MEDIUM,MEDIUM,FLAT,37.803,MEDIUM,VERY_HIGH,HIGH,PARENTAL_CONTROL,61753.1,300928.9,393018.2,116804.4,142275.2,55032.7
3363906030,2026-08-30,1,23642.4,47412.57,12958.59,5,20,5,0,0,1,1,1,0,1,86005.3,192366.6,16288.5,H,L,M,4494.1,1395.0,4058.0,7,LINE_FAULT,PON-54608,36610.6,51218.6,77572.6,98323.7,41806.5,28179.1,34995.6,68946.0,42265.2,11640.0,16627.8,21204.4,PARTIAL,10.83,32.15,11.12,33.56,0.879,0,UNPROTECTED,MEDIUM,MEDIUM,MEDIUM,GRADUAL,19.09,MEDIUM,VERY_HIGH,MEDIUM,NONE,484543.4,473736.9,352581.2,81327.4,31244.9,39129.9
3466721003,2026-08-30,1,16147.05,4668.84,8580.04,14,23,0,0,0,1,1,0,0,0,176669.1,16995.0,93993.1,H,H,H,3628.8,4795.9,637.1,11,NO_FAILURE,PON-20084,4866.7,21535.7,97750.6,46292.3,75809.6,128751.4,73557.9,45060.5,52631.3,39047.9,20381.0,23087.7,PROTECTED,769.83,179.95,1086.87,269.52,1.402,0,UNPROTECTED,MEDIUM,LOW,HIGH,STEEP,-15.876,VERY_HIGH,HIGH,MEDIUM,STATIC_IP,329120.2,180026.6,484406.9,34107.3,84403.9,42770.5
3497791541,2026-08-30,1,4385.72,1.8e+18,47664.87,10,12,4,0,0,1,0,0,1,0,48812.6,167223.2,5643.9,H,H,L,636.9,4438.4,623.1,9,LINE_FAULT,PON-68910,2963.2,93861.1,44436.6,149647.3,132932.7,8002.6,67194.7,23564.5,30793.0,35104.1,2540.4,29365.8,PROTECTED,444.21,128.15,465.8,191.86,0.546,0,UNPROTECTED,MEDIUM,MEDIUM,MEDIUM,STEEP,2.782,MEDIUM,HIGH,HIGH,NONE,468225.5,263549.0,482789.7,2467.2,142576.1,39628.2
3043803765,2026-08-30,0,12306.89,11810.15,9851.44,1,7,13,0,1,0,0,0,1,0,114811.1,186596.0,135182.0,H,L,L,3497.1,1415.7,2842.7,12,DHCP_FAIL,PON-43227,98965.8,63859.1,34231.5,137445.3,40715.9,89282.4,70329.1,1824.0,256.6,9291.9,52124.7,47126.6,PARTIAL,482.76,258.45,498.04,318.54,1.469,0,PROTECTED,HIGH,HIGH,LOW,STEEP,16.948,MEDIUM,HIGH,LOW,NONE,244943.9,347891.8,137205.3,54668.7,153093.7,104756.4
3546569503,2026-08-30,0,658.22,19723.18,47973.03,2,17,29,1,1,0,0,0,0,0,136861.2,45237.8,68742.0,L,M,L,2421.6,4084.7,1171.5,3,DHCP_FAIL,PON-58268,49347.2,89960.1,37359.1,87796.5,116278.7,147573.1,50361.3,49152.3,53911.3,53139.8,34945.8,365.4,PROTECTED,483.91,247.75,667.46,355.03,1.602,0,UNPROTECTED,HIGH,HIGH,HIGH,FLAT,28.286,HIGH,LOW,HIGH,NONE,16701.2,158584.8,383224.8,12365.8,18976.2,27125.3
3154289491,2026-08-30,0,49332.63,37142.4,38065.86,26,17,7,0,1,0,0,0,1,0,12166.0,104962.2,189850.6,H,L,M,4594.0,3429.3,3651.1,9,TIMEOUT,PON-90897,35551.9,10927.1,13388.9,145042.1,99331.9,79725.7,50800.6,66037.5,4343.3,22108.1,17887.3,55948.3,PROTECTED,445.01,9.11,564.34,10.22,1.51,0,UNPROTECTED,MEDIUM,MEDIUM,MEDIUM,FLAT,-41.985,HIGH,MEDIUM,MEDIUM,NONE,287185.6,238826.0,158427.5,75353.7,170399.1,131857.2
3743375906,2026-08-30,0,11201.86,23764.7,32083.19,1,2,8,0,0,1,0,0,1,0,30620.1,185571.6,64824.8,M,M,H,4034.2,2559.1,4748.2,15,AUTH_FAIL,PON-31404,27487.7,62285.1,29693.9,130202.6,17290.6,120100.8,48735.9,36043.2,69293.6,2984.3,4165.0,38759.4,UNPROTECTED,239.14,245.04,288.71,335.41,0.998,0,UNPROTECTED,CRITICAL,HIGH,HIGH,GRADUAL,-47.748,LOW,MEDIUM,HIGH,NONE,279164.4,408551.4,314599.0,162042.0,144794.5,21015.7
3683048952,2026-08-30,0,40762.31,28579.46,33833.35,24,17,7,0,1,0,0,0,1,0,66255.4,192045.2,112761.2,H,L,L,520.7,2114.6,3830.2,7,TIMEOUT,PON-68184,98001.3,84946.2,8644.7,47834.8,44006.3,89277.1,34790.7,13176.5,1812.3,19672.9,43404.6,57038.9,UNPROTECTED,777.55,295.27,1128.95,425.07,1.739,0,PROTECTED,CRITICAL,HIGH,LOW,STEEP,-38.555,VERY_HIGH,LOW,HIGH,STATIC_IP,7487.8,372677.8,298873.0,143937.1,67858.9,5377.9
3922527838,2026-08-30,1,8515.38,15776.33,16640.57,28,4,11,0,1,0,1,1,1,0,134018.6,25576.5,51477.5,H,L,L,669.6,4077.5,4385.9,3,AUTH_FAIL,PON-84563,25225.1,33092.1,42789.4,112439.4,35679.6,117463.2,25768.5,23046.6,42438.0,52191.4,44924.3,49043.4,UNPROTECTED,501.12,308.65,711.42,434.37,1.573,0,PROTECTED,MEDIUM,MEDIUM,HIGH,GRADUAL,-10.5,LOW,VERY_HIGH,MEDIUM,SPEED_BOOST,430621.0,404224.7,27271.8,189476.7,152760.6,63858.0
3744762154,2026-08-30,0,14251.7,7150.33,1.8e+18,14,17,22,0,0,1,1,0,0,0,87807.0,69800.8,124022.5,M,L,M,348.1,3965.4,2597.9,17,TIMEOUT,PON-48139,72570.8,19514.3,16735.7,20524.8,66379.1,98339.1,47360.2,40799.1,71593.4,55017.4,39970.7,55670.3,UNPROTECTED,540.03,28.3,555.59,39.79,0.692,0,UNPROTECTED,MEDIUM,HIGH,LOW,FLAT,-3.329,MEDIUM,HIGH,LOW,SPEED_BOOST,309985.3,493670.1,2590.9,85403.1,145659.8,38371.9
3366642656,2026-08-30,1,20972.04,13419.99,9415.94,9,28,9,0,1,0,0,0,1,0,146839.0,139628.9,93408.5,H,M,L,2466.2,3784.7,4161.6,16,TIMEOUT,PON-97311,28375.8,26502.1,34640.7,102682.7,95300.1,103669.8,2042.5,66934.5,45799.2,29423.9,12226.9,36060.0,PARTIAL,369.29,124.95,483.05,153.88,0.793,0,PROTECTED,HIGH,HIGH,LOW,GRADUAL,-36.354,MEDIUM,MEDIUM,HIGH,SECURITY_SUITE,372345.6,185163.7,28882.0,141560.3,120178.2,197732.4
3967509731,2026-08-30,0,16287.84,42998.05,46891.5,24,16,20,0,1,0,0,1,1,0,173519.6,44311.7,74125.7,L,L,L,403.9,4991.3,914.5,14,MODEM_RESET,PON-50347,7049.0,27293.4,79357.8,73662.3,65013.0,34171.7,596.5,13740.3,48673.3,57380.4,54793.0,21438.5,PARTIAL,237.41,171.4,329.08,241.67,1.456,0,PROTECTED,LOW,HIGH,MEDIUM,GRADUAL,-8.885,HIGH,MEDIUM,MEDIUM,NONE,246960.6,373545.6,63971.0,133068.3,111696.2,60599.3
3410850353,2026-08-30,0,39937.71,30160.61,15159.49,30,23,27,0,0,1,0,0,1,1,151674.5,64954.1,40737.9,M,L,M,3618.4,2392.6,341.7,16,NO_FAILURE,PON-51327,68327.7,44719.9,24592.8,2523.9,36680.5,111273.1,68131.3,48972.0,54528.9,52514.5,45189.5,26574.8,PROTECTED,60.84,76.01,77.59,102.26,0.934,0,PROTECTED,MEDIUM,MEDIUM,MEDIUM,STEEP,-5.838,LOW,HIGH,MEDIUM,NONE,309201.2,301392.3,128826.2,43409.3,146940.7,44412.8
3325825357,2026-08-30,0,47888.9,18961.63,12833.81,3,9,29,0,0,1,1,1,1,0,198449.4,4658.2,22304.3,M,L,L,2761.8,4034.6,3279.8,16,AUTH_FAIL,PON-89576,163.1,32596.4,61189.5,41134.5,104381.8,35686.5,3713.9,60269.5,9792.7,49513.8,39465.4,39481.9,PROTECTED,286.68,171.19,427.58,182.53,0.679,0,PROTECTED,MEDIUM,MEDIUM,MEDIUM,GRADUAL,-39.091,LOW,MEDIUM,MEDIUM,PARENTAL_CONTROL,128734.9,333302.4,453477.6,60716.5,199852.0,39354.0
3905535764,2026-08-30,0,43777.19,39516.31,35587.02,29,28,17,0,0,1,0,1,1,0,150872.2,30704.3,23975.8,L,L,L,4179.4,4312.4,259.8,15,TIMEOUT,PON-67232,67574.9,27127.4,90118.1,143307.3,87670.7,147096.0,41983.6,74883.8,53994.2,51582.6,39056.6,25615.9,PROTECTED,149.12,33.1,200.27,34.99,0.732,0,PROTECTED,CRITICAL,MEDIUM,LOW,FLAT,41.666,HIGH,HIGH,MEDIUM,IPTV,486878.9,369937.0,259316.3,105965.9,115710.4,74770.6
3370459705,2026-08-30,0,7763.54,3316.43,32856.79,29,25,22,0,0,1,0,1,0,0,170435.8,112465.9,199808.0,H,H,L,1399.0,1058.0,4462.4,10,LINK_DOWN,PON-88182,25037.7,64851.2,56692.9,47374.7,77897.1,34168.1,49199.0,9336.3,70428.4,22912.5,54261.5,43900.4,UNPROTECTED,533.05,49.72,560.81,68.91,0.748,0,UNPROTECTED,MEDIUM,LOW,LOW,FLAT,9.915,LOW,VERY_HIGH,HIGH,SPEED_BOOST,200360.0,374865.7,398445.9,159331.5,161743.6,121169.8
3076343185,2026-08-30,0,38856.76,12769.17,22619.82,4,28,28,0,1,0,0,0,1,0,166473.3,130618.0,82462.1,L,L,H,2595.7,210.3,3457.8,0,DHCP_FAIL,PON-81136,74610.4,5303.2,19379.3,27218.2,83162.9,35502.6,15853.7,74111.3,77937.7,45388.1,55698.4,5510.9,UNPROTECTED,704.41,269.13,774.25,353.3,1.217,0,UNPROTECTED,HIGH,MEDIUM,HIGH,FLAT,-11.146,MEDIUM,MEDIUM,LOW,NONE,81163.3,442872.6,419155.9,92362.5,148854.7,156389.1
3469555810,2026-08-30,1,7482.55,11582.15,31659.07,1,22,24,0,1,0,0,0,1,0,146053.2,129782.4,385.9,M,L,L,587.4,2023.7,4761.0,12,CONGESTION,PON-74112,76975.0,34036.4,34476.6,28129.7,33285.1,128801.0,71658.5,48117.4,35444.2,34640.3,35738.2,49799.2,PARTIAL,249.18,108.72,352.12,136.95,1.411,0,UNPROTECTED,MEDIUM,HIGH,MEDIUM,FLAT,0.691,HIGH,MEDIUM,MEDIUM,PARENTAL_CONTROL,27957.7,174660.8,367471.5,45548.3,171161.7,72915.2
3795679974,2026-08-30,1,45677.72,49269.69,8058.7,22,20,9,0,1,0,0,0,0,0,160360.4,155672.1,190585.8,M,M,M,4423.1,4283.7,1569.4,5,POWER_CYCLE,PON-31733,72410.7,68975.2,59036.9,71882.0,102064.7,36447.9,15207.7,61336.1,27560.4,43181.0,25000.2,12251.3,UNPROTECTED,272.98,286.01,409.03,415.75,0.765,0,PROTECTED,MEDIUM,MEDIUM,HIGH,STEEP,-18.58,HIGH,MEDIUM,HIGH,CLOUD_STORAGE,318086.0,326740.7,195692.6,198693.1,190905.0,125194.2
3189471358,2026-08-30,0,25942.14,35334.32,33699.08,2,16,4,0,0,1,0,0,0,0,186936.6,83056.3,3996.0,H,L,L,875.0,1445.5,2430.8,16,LINE_FAULT,PON-45895,2448.3,17585.0,50661.1,126397.4,58125.1,54135.4,70761.2,4302.0,60264.8,10667.2,21824.0,56636.9,PROTECTED,539.59,24.0,566.12,31.92,1.569,0,PROTECTED,HIGH,MEDIUM,HIGH,GRADUAL,35.433,MEDIUM,LOW,LOW,SPEED_BOOST,491689.9,140145.2,431929.7,23115.8,38616.6,96412.0
3462940570,2026-08-30,0,16885.42,30927.52,13603.47,18,28,3,0,0,1,0,0,1,0,95041.5,54698.1,83717.2,L,M,L,511.8,3500.1,3708.5,9,LINK_DOWN,PON-87799,70373.7,22092.8,14862.0,113700.3,54520.2,107196.0,61039.2,40491.9,43429.9,43883.6,49144.7,9332.7,PARTIAL,127.92,227.27,134.34,272.29,0.922,0,PROTECTED,LOW,CRITICAL,LOW,FLAT,7.502,MEDIUM,MEDIUM,MEDIUM,NONE,447897.2,297284.4,371024.9,191177.8,33091.9,169299.1
3129921505,2026-08-30,0,7935.57,348.75,13714.52,2,26,27,0,1,0,0,0,0,0,127657.4,3116.1,143495.5,L,L,M,1025.3,36.7,1213.9,19,POWER_CYCLE,PON-65442,99014.6,20066.7,44679.6,65527.8,22460.1,23812.3,19259.4,49810.4,20584.4,57455.5,38676.3,7749.9,PROTECTED,744.26,159.62,1028.34,192.66,0.967,0,PROTECTED,LOW,MEDIUM,HIGH,FLAT,-0.51,VERY_HIGH,LOW,HIGH,NONE,351052.3,375587.6,371575.7,161809.3,117270.4,113808.4
3686478210,2026-08-30,0,689.27,9297.07,8192.78,21,12,17,0,0,1,0,1,1,0,102987.9,41326.0,182919.8,H,L,L,4031.2,1776.8,2709.2,12,MODEM_RESET,PON-35217,24262.5,92.6,54306.7,31309.0,89525.6,23860.8,12059.5,24546.7,13772.6,18159.8,4636.0,48712.6,PARTIAL,297.44,319.8,307.01,416.58,0.835,0,PROTECTED,MEDIUM,MEDIUM,MEDIUM,GRADUAL,41.089,MEDIUM,LOW,HIGH,STATIC_IP,495299.0,395500.5,450787.2,167778.7,89859.0,57978.3
3475704925,2026-08-30,0,12472.55,31813.51,1.8e+18,7,2,9,0,1,0,0,0,1,0,170207.4,62477.6,142577.3,L,H,M,529.1,3077.6,3297.3,11,CONGESTION,PON-39461,27423.9,47376.8,26733.3,6909.7,90399.7,72953.8,25298.6,34532.0,13618.4,59169.7,8531.2,49122.1,PARTIAL,89.95,314.66,93.03,434.27,1.678,0,UNPROTECTED,HIGH,MEDIUM,MEDIUM,GRADUAL,33.798,LOW,MEDIUM,MEDIUM,IPTV,361414.1,210062.3,299331.7,158983.5,114144.5,140717.5
3226909348,2026-08-30,0,45709.6,19047.99,16629.43,2,0,10,0,1,0,0,0,1,0,86271.9,35641.4,92725.2,H,M,L,3072.1,648.8,4894.0,19,TIMEOUT,PON-79823,81352.7,3895.9,61244.6,69394.5,51045.1,36554.5,31836.0,44343.9,36734.2,22702.6,54011.2,44325.6,PARTIAL,148.0,153.35,213.77,196.62,1.94,0,UNPROTECTED,MEDIUM,MEDIUM,LOW,FLAT,31.28,MEDIUM,LOW,HIGH,SECURITY_SUITE,169625.6,254360.1,264287.2,41634.2,159608.5,164012.9
3564499893,2026-08-30,1,39883.38,46221.59,22763.53,2,7,8,0,0,1,1,0,0,0,163945.4,4028.9,194888.4,L,L,M,3730.9,4483.0,3723.5,9,MODEM_RESET,PON-26036,16039.7,27294.0,7016.0,122216.3,128977.5,35348.7,19662.8,44203.8,13610.0,11983.4,53069.9,57631.8,PARTIAL,746.87,250.97,1045.79,314.81,1.239,0,PROTECTED,LOW,MEDIUM,HIGH,STEEP,-27.439,MEDIUM,HIGH,MEDIUM,NONE,300609.1,166924.9,445081.3,126516.5,186342.9,93088.1
3669813993,2026-08-30,0,48492.71,38259.74,9601.93,5,1,24,0,1,0,0,0,0,0,159870.9,31489.5,7863.9,H,H,H,3755.4,781.4,590.7,7,MODEM_RESET,PON-20088,66058.4,99480.3,33660.7,109452.3,126818.7,1385.8,79911.3,3348.9,1577.5,6737.2,57109.9,16232.4,PROTECTED,205.22,94.88,295.68,129.36,0.563,0,PROTECTED,MEDIUM,HIGH,MEDIUM,FLAT,-34.688,VERY_HIGH,LOW,MEDIUM,STATIC_IP,39883.3,84518.2,227230.9,151350.0,83483.2,197439.4
3940306094,2026-08-30,0,5128.0,22424.47,9731.08,16,6,18,0,0,1,0,0,1,0,192377.2,133219.9,197378.4,L,H,L,950.3,4549.0,2376.7,7,AUTH_FAIL,PON-78859,75502.6,91839.6,80427.7,61290.1,16358.1,55567.4,18372.2,35158.5,4167.1,47097.7,25671.1,49598.9,UNPROTECTED,533.19,234.26,706.61,316.87,0.891,0,PROTECTED,MEDIUM,MEDIUM,MEDIUM,FLAT,19.01,MEDIUM,HIGH,VERY_HIGH,PARENTAL_CONTROL,110841.2,130258.7,405785.3,149137.2,143586.5,175819.4
3437151918,2026-08-30,0,29649.72,37500.8,27132.75,2,3,27,0,0,1,0,0,1,0,49784.1,125917.1,169878.3,H,H,L,308.1,1081.9,2943.9,18,LINE_FAULT,PON-35954,3716.1,21507.6,25928.5,89205.4,104255.8,47737.6,66450.8,17105.5,74390.8,33289.5,47043.7,21122.4,UNPROTECTED,133.37,37.1,154.88,52.5,0.737,0,PROTECTED,LOW,MEDIUM,CRITICAL,FLAT,-3.136,LOW,MEDIUM,HIGH,SPEED_BOOST,208770.1,456068.5,26923.2,54313.1,39359.8,39390.9
3160688161,2026-08-30,1,12931.81,48772.68,6530.98,24,30,9,0,0,1,0,1,0,0,141923.9,187136.7,185786.0,L,L,L,2244.0,4971.4,733.1,15,PPP_FAIL,PON-78886,55376.2,31000.2,60517.7,65437.0,59075.2,4673.4,12729.4,73335.6,5836.9,18427.9,49693.5,32243.9,UNPROTECTED,163.34,176.67,237.36,182.2,1.764,0,PROTECTED,MEDIUM,LOW,MEDIUM,GRADUAL,18.371,MEDIUM,LOW,MEDIUM,PARENTAL_CONTROL,100909.2,154484.8,645.0,36223.9,106910.4,157351.2
3832678195,2026-08-30,0,27192.79,23102.94,34475.96,18,2,14,0,0,1,0,0,0,0,151383.9,159633.7,50954.5,H,L,M,1012.4,3023.7,2159.8,3,NO_FAILURE,PON-58025,57587.7,46370.5,41003.0,86852.4,149957.2,93185.0,78419.6,78126.4,5854.5,36507.0,18941.8,26736.0,PARTIAL,704.6,77.18,809.84,106.31,0.627,0,PROTECTED,MEDIUM,HIGH,HIGH,GRADUAL,26.063,LOW,LOW,MEDIUM,NONE,476750.5,487379.7,264146.2,65624.6,4361.0,120190.2
